id,source,price,fetched_at,created_at
1,tgju,405740.00,2026-08-19 00:32:18,2026-08-18 21:03:23.954522
2,silfam,398120.00,2026-08-19 00:33:00,2026-08-18 21:03:29.048125
3,noghresea,395090.00,2026-08-19 00:33:29,2026-08-18 21:03:29.764693
4,tgju,406530.00,2026-08-19 01:31:26,2026-08-18 22:04:29.528092
5,silfam,398120.00,2026-08-19 01:34:00,2026-08-18 22:04:34.21528
6,noghresea,395090.00,2026-08-19 01:34:34,2026-08-18 22:04:34.907072
7,tgju,405520.00,2026-08-19 02:02:18,2026-08-18 23:01:11.102201
8,silfam,398120.00,2026-08-19 02:31:00,2026-08-18 23:01:34.838357
9,noghresea,395090.00,2026-08-19 02:31:35,2026-08-18 23:01:35.512494
10,tgju,399800.00,2026-08-19 03:26:23,2026-08-19 00:01:55.826658
11,silfam,398120.00,2026-08-19 03:31:00,2026-08-19 00:02:01.158383
12,noghresea,395090.00,2026-08-19 03:32:01,2026-08-19 00:02:01.846541
13,tgju,399650.00,2026-08-19 04:20:24,2026-08-19 01:02:34.777787
14,silfam,398120.00,2026-08-19 04:32:00,2026-08-19 01:02:39.96508
15,noghresea,395090.00,2026-08-19 04:32:40,2026-08-19 01:02:40.66672
17,silfam,398120.00,2026-08-19 05:34:00,2026-08-19 02:04:49.458503
16,tgju,397080.00,2026-08-19 05:34:16,2026-08-19 02:04:44.576147
18,noghresea,395090.00,2026-08-19 05:34:49,2026-08-19 02:04:50.140087
19,tgju,403560.00,2026-08-19 06:14:20,2026-08-19 03:00:18.093179
20,silfam,398120.00,2026-08-19 06:30:00,2026-08-19 03:00:22.415984
21,noghresea,395090.00,2026-08-19 06:30:22,2026-08-19 03:00:23.045068
23,silfam,398120.00,2026-08-19 07:32:00,2026-08-19 04:02:18.253559
24,noghresea,395090.00,2026-08-19 07:32:18,2026-08-19 04:02:18.847299
25,tgju,400730.00,2026-08-19 08:32:22,2026-08-19 05:04:22.304743
26,silfam,398120.00,2026-08-19 08:34:00,2026-08-19 05:04:38.197714
27,noghresea,395090.00,2026-08-19 08:34:38,2026-08-19 05:04:39.555182
28,tgju,404180.00,2026-08-19 09:23:22,2026-08-19 06:00:52.034995
29,silfam,398120.00,2026-08-19 09:30:00,2026-08-19 06:01:17.235637
30,noghresea,395090.00,2026-08-19 09:31:17,2026-08-19 06:01:17.935505
31,tgju,407550.00,2026-08-19 10:23:22,2026-08-19 07:00:40.562998
32,silfam,398120.00,2026-08-19 10:30:00,2026-08-19 07:00:45.346753
33,noghresea,393470.00,2026-08-19 10:30:45,2026-08-19 07:00:45.974122
34,tgju,406390.00,2026-08-19 11:26:24,2026-08-19 08:02:17.251055
35,silfam,391050.00,2026-08-19 11:32:00,2026-08-19 08:02:22.094074
36,noghresea,393470.00,2026-08-19 11:32:22,2026-08-19 08:02:22.783313
37,tgju,406500.00,2026-08-19 12:22:22,2026-08-19 09:03:48.174927
38,silfam,391050.00,2026-08-19 12:33:00,2026-08-19 09:03:53.469425
39,noghresea,393470.00,2026-08-19 12:33:54,2026-08-19 09:03:54.942753
40,tgju,407560.00,2026-08-19 13:23:22,2026-08-19 10:02:28.550674
41,silfam,391050.00,2026-08-19 13:32:00,2026-08-19 10:03:00.10224
42,noghresea,393470.00,2026-08-19 13:33:00,2026-08-19 10:03:00.712115
43,tgju,410070.00,2026-08-19 14:23:36,2026-08-19 11:00:56.619199
44,silfam,393000.00,2026-08-19 14:30:00,2026-08-19 11:01:01.764132
45,noghresea,393470.00,2026-08-19 14:31:02,2026-08-19 11:01:02.394892
46,tgju,409310.00,2026-08-19 15:26:23,2026-08-19 12:01:47.205626
47,silfam,393000.00,2026-08-19 15:31:00,2026-08-19 12:01:51.963159
48,noghresea,396500.00,2026-08-19 15:31:52,2026-08-19 12:01:52.651546
49,tgju,415090.00,2026-08-19 16:23:19,2026-08-19 13:01:15.783283
50,silfam,393000.00,2026-08-19 16:31:00,2026-08-19 13:01:20.597915
51,noghresea,396500.00,2026-08-19 16:31:20,2026-08-19 13:01:21.230822
52,tgju,416070.00,2026-08-19 17:26:22,2026-08-19 14:01:22.50858
53,silfam,393000.00,2026-08-19 17:31:00,2026-08-19 14:01:27.95953
54,noghresea,399300.00,2026-08-19 17:31:28,2026-08-19 14:01:28.575328
55,tgju,420270.00,2026-08-19 18:31:33,2026-08-19 15:02:42.820697
56,silfam,393000.00,2026-08-19 18:32:00,2026-08-19 15:02:47.9909
57,noghresea,401450.00,2026-08-19 18:32:48,2026-08-19 15:02:49.444104
58,tgju,420310.00,2026-08-19 19:31:20,2026-08-19 16:03:19.8877
59,silfam,393000.00,2026-08-19 19:33:00,2026-08-19 16:03:25.128923
60,noghresea,400080.00,2026-08-19 19:33:25,2026-08-19 16:03:25.840969
61,tgju,420640.00,2026-08-19 20:22:20,2026-08-19 17:02:04.588161
63,noghresea,404020.00,2026-08-19 20:32:10,2026-08-19 17:02:22.449726
64,tgju,419010.00,2026-08-19 21:10:29,2026-08-19 18:01:31.69328
66,noghresea,401500.00,2026-08-19 21:32:03,2026-08-19 18:02:03.482343
67,tgju,420930.00,2026-08-19 22:14:24,2026-08-19 19:02:48.16954
69,noghresea,401500.00,2026-08-19 22:32:53,2026-08-19 19:02:54.313292
70,tgju,420930.00,2026-08-19 23:26:19,2026-08-19 20:04:22.336035
72,noghresea,402810.00,2026-08-19 23:34:27,2026-08-19 20:04:28.396961
62,silfam,398700.00,2026-08-20 20:32:00,2026-08-19 17:02:09.355473
65,silfam,398700.00,2026-08-20 21:31:00,2026-08-19 18:02:02.758909
68,silfam,398700.00,2026-08-20 22:32:00,2026-08-19 19:02:53.240485
71,silfam,398700.00,2026-08-20 23:34:00,2026-08-19 20:04:27.034797
